<?xml version="1.0" encoding="ISO-8859-1"?>
<project name="Maven">
	<bannerLeft>
		<name>Maven</name>
		<src>images/logos/maven-feather.png</src>
		<href>http://maven.apache.org/</href>
	</bannerLeft>
	<bannerRight>
		<src>http://maven.apache.org/images/maven-small.gif</src>
	</bannerRight>
	<body>
		<links>
			<item name="Apache" href="http://www.apache.org/"/>
			<item name="Maven 1.0" href="http://maven.apache.org/"/>
			<item name="Maven 2" href="http://maven.apache.org/maven2/"/>
		</links>
		<menu ref="reports"/>
		<menu ref="parent"/>
		<menu ref="modules"/>
		<menu name="Hierarchie 1">
			<item name="Hierarchie 2" href="test.html"/>
			<item name="Hierarchie 2" href="team-list.html">
				<item name="Hierarchie 3" href="test.html"/>
			</item>
		</menu>
		<menu name="Maven 2.0">
			<item name="APT Format" href="format.html"/>
			<item name="FAQ" href="faq.html"/>
			<item name="Xdoc Example" href="xdoc.html"/>
		</menu>
	</body>
</project>
