<archetype>
	<id>bpse-archetype-basic</id>
	<sources>
		<!-- java source files for the new project -->
		<source>src/main/java/Main.java</source>
		<source>src/main/java/Constants.java</source>
		<source>src/main/java/package-info.java</source>
		<source>src/main/java/dao/IStudentDAO.java</source>
		<source>src/main/java/dao/JDBCStudentDAO.java</source>
		<source>src/main/java/dao/package-info.java</source>
		<source>src/main/java/bo/Student.java</source>
		<source>src/main/java/bo/package-info.java</source>
		<source>src/main/java/gui/MainFrame.java</source>
		<source>src/main/java/gui/package-info.java</source>
	</sources>
	<resources>
		<!-- resources for the new project -->
		<resource>src/main/resources/messages_de.properties</resource>
		<resource>src/main/resources/log4j.properties</resource>
		<resource>src/main/resources/beans.xml</resource>
		<!-- additional resources in other directories than 'resources'  -->
		<resource>data/database.properties</resource>
		<resource>data/database.script</resource>
	</resources>
	<testSources>
		<!-- java source files for the unit tests of the new project -->
		<source>src/test/java/dao/test/JDBCStudentDAOTest.java</source>
		<source>src/test/java/dao/test/package-info.java</source>
	</testSources>
	<testResources>
		<!-- resources needed by the unit tests -->
		<resource>src/test/resources/messages_de.properties</resource>
	</testResources>
	<siteResources>
		<resource>src/site/site.xml</resource>
		<resource>src/site/apt/format.apt</resource>
		<resource>src/site/apt/index.apt</resource>
		<resource>src/site/fml/faq.fml</resource>
		<resource>src/site/xdoc/xdoc.xml</resource>
	</siteResources>
</archetype>
