<?xml version="1.0" encoding="ISO-8859-1"?><project name="SE1-Sample">
  <bannerLeft>
    <name>SE 1 Sample</name>
    <src>http://maven.apache.org/images/apache-maven-project.png</src>
    <href>http://www.schatten.info/</href>
  </bannerLeft>
  <bannerRight>
    <src>http://maven.apache.org/images/maven-small.gif</src>
  </bannerRight>
  <body>
    <links>
      <item name="TUWIS++" href="http://tuwis.tuwien.ac.at/" />
      <item name="TUWEL" href="http://tuwel.tuwien.ac.at/" />
      <item name="QSE" href="http://qse.ifs.tuwien.ac.at/" />
    </links>
    <menu name="SE1 Sample">
      <item name="Introduction" href="index.html" />
    </menu>
  </body>
</project>