<?xml version="1.0" encoding="UTF-8"?><metadata>
  <plugins>
    <plugin>
      <name>Maven Retrotranslator Plugin</name>
      <prefix>retrotranslator</prefix>
      <artifactId>retrotranslator-maven-plugin</artifactId>
    </plugin>
    <plugin>
      <name>Maven MiniJar Plugin</name>
      <prefix>minijar</prefix>
      <artifactId>minijar-maven-plugin</artifactId>
    </plugin>
    <plugin>
      <name>AspectJ compiler Maven Plugin</name>
      <prefix>aspectj</prefix>
      <artifactId>aspectj-maven-plugin</artifactId>
    </plugin>
    <plugin>
      <name>Maven Axis Tools Plugin</name>
      <prefix>axistools</prefix>
      <artifactId>axistools-maven-plugin</artifactId>
    </plugin>
    <plugin>
      <name>Maven Build Helper Plugin</name>
      <prefix>build-helper</prefix>
      <artifactId>build-helper-maven-plugin</artifactId>
    </plugin>
    <plugin>
      <name>Maven Castor Plugin</name>
      <prefix>castor</prefix>
      <artifactId>castor-maven-plugin</artifactId>
    </plugin>
    <plugin>
      <name>Maven Clirr Plugin</name>
      <prefix>clirr</prefix>
      <artifactId>clirr-maven-plugin</artifactId>
    </plugin>
    <plugin>
      <name>Maven Cobertura Plugin</name>
      <prefix>cobertura</prefix>
      <artifactId>cobertura-maven-plugin</artifactId>
    </plugin>
    <plugin>
      <name>Maven Commons Attributes Plugin</name>
      <prefix>commons-attributes</prefix>
      <artifactId>commons-attributes-maven-plugin</artifactId>
    </plugin>
    <plugin>
      <name>Maven Exec Plugin</name>
      <prefix>exec</prefix>
      <artifactId>exec-maven-plugin</artifactId>
    </plugin>
    <plugin>
      <name>Maven Hibernate 2 Plug-in</name>
      <prefix>hibernate2</prefix>
      <artifactId>hibernate2-maven-plugin</artifactId>
    </plugin>
    <plugin>
      <name>Maven Jalopy Plugin</name>
      <prefix>jalopy</prefix>
      <artifactId>jalopy-maven-plugin</artifactId>
    </plugin>
    <plugin>
      <name>Maven JAXB 2.0 Plugin</name>
      <prefix>jaxb2</prefix>
      <artifactId>jaxb2-maven-plugin</artifactId>
    </plugin>
    <plugin>
      <name>Maven 2  Javacc Plugin</name>
      <prefix>javacc</prefix>
      <artifactId>javacc-maven-plugin</artifactId>
    </plugin>
    <plugin>
      <name>Maven2 JavaNCSS plugin</name>
      <prefix>javancss</prefix>
      <artifactId>javancss-maven-plugin</artifactId>
    </plugin>
    <plugin>
      <name>Maven JBoss plugin</name>
      <prefix>jboss</prefix>
      <artifactId>jboss-maven-plugin</artifactId>
    </plugin>
    <plugin>
      <name>Maven JDepend Plugin</name>
      <prefix>jdepend</prefix>
      <artifactId>jdepend-maven-plugin</artifactId>
    </plugin>
    <plugin>
      <name>Maven JDiff Plug-in</name>
      <prefix>jdiff</prefix>
      <artifactId>jdiff-maven-plugin</artifactId>
    </plugin>
    <plugin>
      <name>JPox Maven Plugin</name>
      <prefix>jpox</prefix>
      <artifactId>jpox-maven-plugin</artifactId>
    </plugin>
    <plugin>
      <name>Maven Jspc plugin</name>
      <prefix>jspc</prefix>
      <artifactId>jspc-maven-plugin</artifactId>
    </plugin>
    <plugin>
      <name>Maven Native Plugin</name>
      <prefix>native</prefix>
      <artifactId>native-maven-plugin</artifactId>
    </plugin>
    <plugin>
      <name>Netbeans Freeform Maven Plugin</name>
      <prefix>netbeans-freeform</prefix>
      <artifactId>netbeans-freeform-maven-plugin</artifactId>
    </plugin>
    <plugin>
      <name>Maven 2 SableCC Plugin</name>
      <prefix>sablecc</prefix>
      <artifactId>sablecc-maven-plugin</artifactId>
    </plugin>
    <plugin>
      <name>Maven Tag List Plugin</name>
      <prefix>taglist</prefix>
      <artifactId>taglist-maven-plugin</artifactId>
    </plugin>
    <plugin>
      <name>Maven WSDL2Java Plugin</name>
      <prefix>wsdl2java</prefix>
      <artifactId>wsdl2java-maven-plugin</artifactId>
    </plugin>
    <plugin>
      <name>XDoclet Maven Plugin</name>
      <prefix>xdoclet</prefix>
      <artifactId>xdoclet-maven-plugin</artifactId>
    </plugin>
    <plugin>
      <name>Maven XML Beans Plugin</name>
      <prefix>xmlbeans</prefix>
      <artifactId>xmlbeans-maven-plugin</artifactId>
    </plugin>
    <plugin>
      <name>Maven XSLT Plugin</name>
      <prefix>xslt</prefix>
      <artifactId>xslt-maven-plugin</artifactId>
    </plugin>
    <plugin>
      <name>NBM Maven Plugin</name>
      <prefix>nbm</prefix>
      <artifactId>nbm-maven-plugin</artifactId>
    </plugin>
    <plugin>
      <name>Maven Keytool Plugin</name>
      <prefix>keytool</prefix>
      <artifactId>keytool-maven-plugin</artifactId>
    </plugin>
    <plugin>
      <name>State Machine Compiler (SMC) Maven Plugin</name>
      <prefix>smc</prefix>
      <artifactId>smc-maven-plugin</artifactId>
    </plugin>
    <plugin>
      <name>Maven IDEA UI Designer Plugin</name>
      <prefix>ideauidesigner</prefix>
      <artifactId>ideauidesigner-maven-plugin</artifactId>
    </plugin>
    <plugin>
      <name>Maven CORBA IDL Compiler Plugin</name>
      <prefix>idlj</prefix>
      <artifactId>idlj-maven-plugin</artifactId>
    </plugin>
    <plugin>
      <name>SQL Plugin for Maven</name>
      <prefix>sql</prefix>
      <artifactId>sql-maven-plugin</artifactId>
    </plugin>
    <plugin>
      <name>Appfuse Maven Plugin</name>
      <prefix>appfuse</prefix>
      <artifactId>appfuse-maven-plugin</artifactId>
    </plugin>
    <plugin>
      <name>Fit Maven Plugin</name>
      <prefix>fit</prefix>
      <artifactId>fit-maven-plugin</artifactId>
    </plugin>
    <plugin>
      <name>Maven FindBugs PlugIn</name>
      <prefix>findbugs</prefix>
      <artifactId>findbugs-maven-plugin</artifactId>
    </plugin>
    <plugin>
      <name>Maven Application Assembler Plugin</name>
      <prefix>appassembler</prefix>
      <artifactId>appassembler-maven-plugin</artifactId>
    </plugin>
    <plugin>
      <name>Maven Webstart Plugin</name>
      <prefix>webstart</prefix>
      <artifactId>webstart-maven-plugin</artifactId>
    </plugin>
    <plugin>
      <name>Maven XML Plugin</name>
      <prefix>xml</prefix>
      <artifactId>xml-maven-plugin</artifactId>
    </plugin>
    <plugin>
      <name>Multimodule Build Optimizer Plugin</name>
      <prefix>multibuild-optimizer</prefix>
      <artifactId>multibuild-optimizer-maven-plugin</artifactId>
    </plugin>
    <plugin>
      <name>Patch Plugin</name>
      <prefix>patch</prefix>
      <artifactId>patch-maven-plugin</artifactId>
    </plugin>
    <plugin>
      <name>Remote-Source Plugin</name>
      <prefix>remote-source</prefix>
      <artifactId>remote-source-maven-plugin</artifactId>
    </plugin>
    <plugin>
      <name>RPM Plugin</name>
      <prefix>rpm</prefix>
      <artifactId>rpm-maven-plugin</artifactId>
    </plugin>
    <plugin>
      <name>Makefile Orchestration Plugin</name>
      <prefix>make</prefix>
      <artifactId>make-maven-plugin</artifactId>
    </plugin>
    <plugin>
      <name>Shell Script Executor Plugin</name>
      <prefix>shell</prefix>
      <artifactId>shell-maven-plugin</artifactId>
    </plugin>
    <plugin>
      <name>Deploy All Plugin for Maven</name>
      <prefix>deploy-all</prefix>
      <artifactId>deploy-all-maven-plugin</artifactId>
    </plugin>
    <plugin>
      <name>Local Configuration Plugin</name>
      <prefix>local-config</prefix>
      <artifactId>local-config-maven-plugin</artifactId>
    </plugin>
    <plugin>
      <name>Settings Management Plugin</name>
      <prefix>settings</prefix>
      <artifactId>settings-maven-plugin</artifactId>
    </plugin>
    <plugin>
      <name>Dependency Builder Plugin</name>
      <prefix>build-on-demand</prefix>
      <artifactId>build-on-demand-maven-plugin</artifactId>
    </plugin>
    <plugin>
      <name>Project Archive Plugin</name>
      <prefix>project-archive</prefix>
      <artifactId>project-archive-maven-plugin</artifactId>
    </plugin>
    <plugin>
      <name>Platform Attribute Detector Plugin for Maven</name>
      <prefix>platform-detector</prefix>
      <artifactId>platform-detector-maven-plugin</artifactId>
    </plugin>
    <plugin>
      <name>RPM Plugin</name>
      <prefix>rpm-cbuild</prefix>
      <artifactId>rpm-cbuild-maven-plugin</artifactId>
    </plugin>
    <plugin>
      <name>DbUnit Plugin</name>
      <prefix>dbunit</prefix>
      <artifactId>dbunit-maven-plugin</artifactId>
    </plugin>
    <plugin>
      <name>Eclipse PDE Maven Plugin</name>
      <prefix>pde</prefix>
      <artifactId>pde-maven-plugin</artifactId>
    </plugin>
    <plugin>
      <name>Project Sources Plugin</name>
      <prefix>project-sources</prefix>
      <artifactId>project-sources-maven-plugin</artifactId>
    </plugin>
    <plugin>
      <name>OpenJPA Maven Plugin</name>
      <prefix>openjpa</prefix>
      <artifactId>openjpa-maven-plugin</artifactId>
    </plugin>
    <plugin>
      <name>RAT Maven Plugin</name>
      <prefix>rat</prefix>
      <artifactId>rat-maven-plugin</artifactId>
    </plugin>
    <plugin>
      <name>Maven Selenium Plugin</name>
      <prefix>selenium</prefix>
      <artifactId>selenium-maven-plugin</artifactId>
    </plugin>
    <plugin>
      <name>Maven Native2ascii Plugin</name>
      <prefix>native2ascii</prefix>
      <artifactId>native2ascii-maven-plugin</artifactId>
    </plugin>
    <plugin>
      <name>Hibernate3 Maven Plugin</name>
      <prefix>hibernate3</prefix>
      <artifactId>hibernate3-maven-plugin</artifactId>
    </plugin>
    <plugin>
      <name>Maven Docbook plugin</name>
      <prefix>docbook</prefix>
      <artifactId>docbook-maven-plugin</artifactId>
    </plugin>
    <plugin>
      <name>Groovy Maven Plugin</name>
      <prefix>groovy</prefix>
      <artifactId>groovy-maven-plugin</artifactId>
    </plugin>
    <plugin>
      <name>Tomcat Maven Plugin</name>
      <prefix>tomcat</prefix>
      <artifactId>tomcat-maven-plugin</artifactId>
    </plugin>
    <plugin>
      <name>shade-maven-plugin</name>
      <prefix>shade</prefix>
      <artifactId>shade-maven-plugin</artifactId>
    </plugin>
    <plugin>
      <name>Maven Fitnesse plugin.</name>
      <prefix>fitnesse</prefix>
      <artifactId>fitnesse-maven-plugin</artifactId>
    </plugin>
    <plugin>
      <name>JRuby Mojo Support</name>
      <prefix>jruby</prefix>
      <artifactId>jruby-maven-plugin</artifactId>
    </plugin>
  </plugins>
</metadata>